file,molecule,mol_pred_loaded,sanitization,all_atoms_connected,bond_lengths,bond_angles,internal_steric_clash,aromatic_ring_flatness,double_bond_flatness,internal_energy
rdkit_place.sdf,LXINEYASRREWNB-UHFFFAOYSA-N-0,True,True,True,True,True,True,True,True,True
rdkit_place.sdf,LXINEYASRREWNB-UHFFFAOYSA-N-1,True,True,True,True,True,True,True,True,True
rdkit_place.sdf,LXINEYASRREWNB-UHFFFAOYSA-N-2,True,True,True,True,True,True,True,True,True
rdkit_place.sdf,LXINEYASRREWNB-UHFFFAOYSA-N-3,True,True,True,True,True,True,True,True,True
rdkit_place.sdf,LXINEYASRREWNB-UHFFFAOYSA-N-4,True,True,True,True,True,True,True,True,True
rdkit_place.sdf,LXINEYASRREWNB-UHFFFAOYSA-N-5,True,True,True,True,True,True,True,True,True
rdkit_place.sdf,LXINEYASRREWNB-UHFFFAOYSA-N-6,True,True,True,True,True,True,True,True,True
rdkit_place.sdf,LXINEYASRREWNB-UHFFFAOYSA-N-7,True,True,True,True,True,True,True,True,True
rdkit_place.sdf,LXINEYASRREWNB-UHFFFAOYSA-N-8,True,True,True,True,True,True,True,True,True
rdkit_place.sdf,LXINEYASRREWNB-UHFFFAOYSA-N-9,True,True,True,True,True,True,True,True,True
rdkit_place.sdf,BHKVBKDDVLQZCR-UHFFFAOYSA-N-0,True,True,True,True,True,True,True,True,True
rdkit_place.sdf,BHKVBKDDVLQZCR-UHFFFAOYSA-N-1,True,True,True,True,True,True,True,True,True
rdkit_place.sdf,BHKVBKDDVLQZCR-UHFFFAOYSA-N-2,True,True,True,True,True,True,True,True,True
rdkit_place.sdf,BHKVBKDDVLQZCR-UHFFFAOYSA-N-3,True,True,True,True,True,True,True,True,True
rdkit_place.sdf,BHKVBKDDVLQZCR-UHFFFAOYSA-N-4,True,True,True,True,True,True,True,True,True
rdkit_place.sdf,BHKVBKDDVLQZCR-UHFFFAOYSA-N-5,True,True,True,True,True,True,True,True,True
rdkit_place.sdf,BHKVBKDDVLQZCR-UHFFFAOYSA-N-6,True,True,True,True,True,True,True,True,True
rdkit_place.sdf,BHKVBKDDVLQZCR-UHFFFAOYSA-N-7,True,True,True,True,True,True,True,True,True
rdkit_place.sdf,BHKVBKDDVLQZCR-UHFFFAOYSA-N-8,True,True,True,True,True,True,True,True,True
rdkit_place.sdf,BHKVBKDDVLQZCR-UHFFFAOYSA-N-9,True,True,True,True,True,True,True,True,True
rdkit_place.sdf,GHOYNZDJCPMSBM-UHFFFAOYSA-N-0,True,True,True,True,True,True,True,True,True
rdkit_place.sdf,GHOYNZDJCPMSBM-UHFFFAOYSA-N-1,True,True,True,True,True,True,True,True,True
rdkit_place.sdf,GHOYNZDJCPMSBM-UHFFFAOYSA-N-2,True,True,True,True,True,True,True,True,True
rdkit_place.sdf,GHOYNZDJCPMSBM-UHFFFAOYSA-N-3,True,True,True,True,True,True,True,True,True
rdkit_place.sdf,GHOYNZDJCPMSBM-UHFFFAOYSA-N-4,True,True,True,True,True,True,True,True,True
rdkit_place.sdf,GHOYNZDJCPMSBM-UHFFFAOYSA-N-5,True,True,True,True,True,True,True,True,True
rdkit_place.sdf,GHOYNZDJCPMSBM-UHFFFAOYSA-N-6,True,True,True,True,True,True,True,True,True
rdkit_place.sdf,GHOYNZDJCPMSBM-UHFFFAOYSA-N-7,True,True,True,True,True,True,True,True,True
rdkit_place.sdf,GHOYNZDJCPMSBM-UHFFFAOYSA-N-8,True,True,True,True,True,True,True,True,True
rdkit_place.sdf,GHOYNZDJCPMSBM-UHFFFAOYSA-N-9,True,True,True,True,True,True,True,True,True
rdkit_place.sdf,BCPKNOZHZDDVQN-UHFFFAOYSA-N-0,True,True,True,True,True,True,True,True,True
rdkit_place.sdf,BCPKNOZHZDDVQN-UHFFFAOYSA-N-1,True,True,True,True,True,True,True,True,True
rdkit_place.sdf,BCPKNOZHZDDVQN-UHFFFAOYSA-N-2,True,True,True,True,True,True,True,True,True
rdkit_place.sdf,BCPKNOZHZDDVQN-UHFFFAOYSA-N-3,True,True,True,True,True,True,True,True,True
rdkit_place.sdf,BCPKNOZHZDDVQN-UHFFFAOYSA-N-4,True,True,True,True,True,True,True,True,True
rdkit_place.sdf,BCPKNOZHZDDVQN-UHFFFAOYSA-N-5,True,True,True,True,True,True,True,True,True
rdkit_place.sdf,BCPKNOZHZDDVQN-UHFFFAOYSA-N-6,True,True,True,True,True,True,True,True,True
rdkit_place.sdf,BCPKNOZHZDDVQN-UHFFFAOYSA-N-7,True,True,True,True,True,True,True,True,True
rdkit_place.sdf,BCPKNOZHZDDVQN-UHFFFAOYSA-N-8,True,True,True,True,True,True,True,True,True
rdkit_place.sdf,BCPKNOZHZDDVQN-UHFFFAOYSA-N-9,True,True,True,True,True,True,True,True,True
rdkit_place.sdf,UASLKFQKYXHLQJ-UHFFFAOYSA-N-0,True,True,True,True,True,True,True,True,True
rdkit_place.sdf,UASLKFQKYXHLQJ-UHFFFAOYSA-N-1,True,True,True,True,True,True,True,True,True
rdkit_place.sdf,UASLKFQKYXHLQJ-UHFFFAOYSA-N-2,True,True,True,True,True,True,True,True,True
rdkit_place.sdf,UASLKFQKYXHLQJ-UHFFFAOYSA-N-3,True,True,True,True,True,True,True,True,True
rdkit_place.sdf,UASLKFQKYXHLQJ-UHFFFAOYSA-N-4,True,True,True,True,True,True,True,True,True
rdkit_place.sdf,UASLKFQKYXHLQJ-UHFFFAOYSA-N-5,True,True,True,True,True,True,True,True,True
rdkit_place.sdf,UASLKFQKYXHLQJ-UHFFFAOYSA-N-6,True,True,True,True,True,True,True,True,True
rdkit_place.sdf,UASLKFQKYXHLQJ-UHFFFAOYSA-N-7,True,True,True,True,True,True,True,True,True
rdkit_place.sdf,UASLKFQKYXHLQJ-UHFFFAOYSA-N-8,True,True,True,True,True,True,True,True,True
rdkit_place.sdf,UASLKFQKYXHLQJ-UHFFFAOYSA-N-9,True,True,True,True,True,True,True,True,True
rdkit_place.sdf,GOUNARLEGNWPCP-UHFFFAOYSA-N-0,True,True,True,True,True,True,True,True,True
rdkit_place.sdf,GOUNARLEGNWPCP-UHFFFAOYSA-N-1,True,True,True,True,True,True,True,True,True
rdkit_place.sdf,GOUNARLEGNWPCP-UHFFFAOYSA-N-2,True,True,True,True,True,True,True,True,True
rdkit_place.sdf,GOUNARLEGNWPCP-UHFFFAOYSA-N-3,True,True,True,True,True,True,True,True,True
rdkit_place.sdf,GOUNARLEGNWPCP-UHFFFAOYSA-N-4,True,True,True,True,True,True,True,True,True
rdkit_place.sdf,GOUNARLEGNWPCP-UHFFFAOYSA-N-5,True,True,True,True,True,True,True,True,True
rdkit_place.sdf,GOUNARLEGNWPCP-UHFFFAOYSA-N-6,True,True,True,True,True,True,True,True,True
rdkit_place.sdf,GOUNARLEGNWPCP-UHFFFAOYSA-N-7,True,True,True,True,True,True,True,True,True
rdkit_place.sdf,GOUNARLEGNWPCP-UHFFFAOYSA-N-8,True,True,True,True,True,True,True,True,True
rdkit_place.sdf,GOUNARLEGNWPCP-UHFFFAOYSA-N-9,True,True,True,True,True,True,True,True,True
rdkit_place.sdf,DCIDJYONTYLQEI-UHFFFAOYSA-N-0,True,True,True,True,True,True,True,True,True
rdkit_place.sdf,DCIDJYONTYLQEI-UHFFFAOYSA-N-1,True,True,True,True,True,True,True,True,True
rdkit_place.sdf,DCIDJYONTYLQEI-UHFFFAOYSA-N-2,True,True,True,True,True,True,True,True,True
rdkit_place.sdf,DCIDJYONTYLQEI-UHFFFAOYSA-N-3,True,True,True,True,True,True,True,True,True
rdkit_place.sdf,DCIDJYONTYLQEI-UHFFFAOYSA-N-4,True,True,True,True,True,True,True,True,True
rdkit_place.sdf,DCIDJYONTYLQEI-UHFFFAOYSA-N-5,True,True,True,True,True,True,True,True,True
rdkit_place.sdf,DCIDJYONTYLQEI-UHFFFAOYSA-N-6,True,True,True,True,True,True,True,True,True
rdkit_place.sdf,DCIDJYONTYLQEI-UHFFFAOYSA-N-7,True,True,True,True,True,True,True,True,True
rdkit_place.sdf,DCIDJYONTYLQEI-UHFFFAOYSA-N-8,True,True,True,True,True,True,True,True,True
rdkit_place.sdf,DCIDJYONTYLQEI-UHFFFAOYSA-N-9,True,True,True,True,True,True,True,True,True
rdkit_place.sdf,WCNAXNCVZXMWKF-UHFFFAOYSA-N-0,True,True,True,True,True,True,True,True,True
rdkit_place.sdf,WCNAXNCVZXMWKF-UHFFFAOYSA-N-1,True,True,True,True,True,True,True,True,True
rdkit_place.sdf,WCNAXNCVZXMWKF-UHFFFAOYSA-N-2,True,True,True,True,True,True,True,True,True
rdkit_place.sdf,WCNAXNCVZXMWKF-UHFFFAOYSA-N-3,True,True,True,True,True,True,True,True,True
rdkit_place.sdf,WCNAXNCVZXMWKF-UHFFFAOYSA-N-4,True,True,True,True,True,True,True,True,True
rdkit_place.sdf,WCNAXNCVZXMWKF-UHFFFAOYSA-N-5,True,True,True,True,True,True,True,True,True
rdkit_place.sdf,WCNAXNCVZXMWKF-UHFFFAOYSA-N-6,True,True,True,True,True,True,True,True,True
rdkit_place.sdf,WCNAXNCVZXMWKF-UHFFFAOYSA-N-7,True,True,True,True,True,True,True,True,True
rdkit_place.sdf,WCNAXNCVZXMWKF-UHFFFAOYSA-N-8,True,True,True,True,True,True,True,True,True
rdkit_place.sdf,WCNAXNCVZXMWKF-UHFFFAOYSA-N-9,True,True,True,True,True,True,True,True,True
rdkit_place.sdf,FQGGXMVTNBDGEE-UHFFFAOYSA-N-0,True,True,True,True,True,True,True,True,True
rdkit_place.sdf,FQGGXMVTNBDGEE-UHFFFAOYSA-N-1,True,True,True,True,True,True,True,True,True
rdkit_place.sdf,FQGGXMVTNBDGEE-UHFFFAOYSA-N-2,True,True,True,True,True,True,True,True,True
rdkit_place.sdf,FQGGXMVTNBDGEE-UHFFFAOYSA-N-3,True,True,True,True,True,True,True,True,True
rdkit_place.sdf,FQGGXMVTNBDGEE-UHFFFAOYSA-N-4,True,True,True,True,True,True,True,True,True
rdkit_place.sdf,FQGGXMVTNBDGEE-UHFFFAOYSA-N-5,True,True,True,True,True,True,True,True,True
rdkit_place.sdf,FQGGXMVTNBDGEE-UHFFFAOYSA-N-6,True,True,True,True,True,True,True,True,True
rdkit_place.sdf,FQGGXMVTNBDGEE-UHFFFAOYSA-N-7,True,True,True,True,True,True,True,True,True
rdkit_place.sdf,FQGGXMVTNBDGEE-UHFFFAOYSA-N-8,True,True,True,True,True,True,True,True,True
rdkit_place.sdf,FQGGXMVTNBDGEE-UHFFFAOYSA-N-9,True,True,True,True,True,True,True,True,True
rdkit_place.sdf,CLVVEVVTKNLLLU-UHFFFAOYSA-N-0,True,True,True,True,True,True,True,True,True
rdkit_place.sdf,CLVVEVVTKNLLLU-UHFFFAOYSA-N-1,True,True,True,True,True,True,True,True,True
rdkit_place.sdf,CLVVEVVTKNLLLU-UHFFFAOYSA-N-2,True,True,True,True,True,True,True,True,True
rdkit_place.sdf,CLVVEVVTKNLLLU-UHFFFAOYSA-N-3,True,True,True,True,True,True,True,True,True
rdkit_place.sdf,CLVVEVVTKNLLLU-UHFFFAOYSA-N-4,True,True,True,True,True,True,True,True,True
rdkit_place.sdf,CLVVEVVTKNLLLU-UHFFFAOYSA-N-5,True,True,True,True,True,True,True,True,True
rdkit_place.sdf,CLVVEVVTKNLLLU-UHFFFAOYSA-N-6,True,True,True,True,True,True,True,True,True
rdkit_place.sdf,CLVVEVVTKNLLLU-UHFFFAOYSA-N-7,True,True,True,True,True,True,True,True,True
rdkit_place.sdf,CLVVEVVTKNLLLU-UHFFFAOYSA-N-8,True,True,True,True,True,True,True,True,True
rdkit_place.sdf,CLVVEVVTKNLLLU-UHFFFAOYSA-N-9,True,True,True,True,True,True,True,True,True
rdkit_place.sdf,ZEEZCEGNYUPWRG-UHFFFAOYSA-N-0,True,True,True,True,True,True,True,True,True
rdkit_place.sdf,ZEEZCEGNYUPWRG-UHFFFAOYSA-N-1,True,True,True,True,True,True,True,True,True
rdkit_place.sdf,ZEEZCEGNYUPWRG-UHFFFAOYSA-N-2,True,True,True,True,True,True,True,True,True
rdkit_place.sdf,ZEEZCEGNYUPWRG-UHFFFAOYSA-N-3,True,True,True,True,True,True,True,True,True
rdkit_place.sdf,ZEEZCEGNYUPWRG-UHFFFAOYSA-N-4,True,True,True,True,True,True,True,True,True
rdkit_place.sdf,ZEEZCEGNYUPWRG-UHFFFAOYSA-N-5,True,True,True,True,True,True,True,True,True
rdkit_place.sdf,ZEEZCEGNYUPWRG-UHFFFAOYSA-N-6,True,True,True,True,True,True,True,True,True
rdkit_place.sdf,ZEEZCEGNYUPWRG-UHFFFAOYSA-N-7,True,True,True,True,True,True,True,True,True
rdkit_place.sdf,ZEEZCEGNYUPWRG-UHFFFAOYSA-N-8,True,True,True,True,True,True,True,True,True
rdkit_place.sdf,ZEEZCEGNYUPWRG-UHFFFAOYSA-N-9,True,True,True,True,True,True,True,True,True
rdkit_place.sdf,KYUARQFQJUCNFW-UHFFFAOYSA-N-0,True,True,True,True,True,True,True,True,True
rdkit_place.sdf,KYUARQFQJUCNFW-UHFFFAOYSA-N-1,True,True,True,True,True,True,True,True,True
rdkit_place.sdf,KYUARQFQJUCNFW-UHFFFAOYSA-N-2,True,True,True,True,True,True,True,True,True
rdkit_place.sdf,KYUARQFQJUCNFW-UHFFFAOYSA-N-3,True,True,True,True,True,True,True,True,True
rdkit_place.sdf,KYUARQFQJUCNFW-UHFFFAOYSA-N-4,True,True,True,True,True,True,True,True,True
rdkit_place.sdf,KYUARQFQJUCNFW-UHFFFAOYSA-N-5,True,True,True,True,True,True,True,True,True
rdkit_place.sdf,KYUARQFQJUCNFW-UHFFFAOYSA-N-6,True,True,True,True,True,True,True,True,True
rdkit_place.sdf,KYUARQFQJUCNFW-UHFFFAOYSA-N-7,True,True,True,True,True,True,True,True,True
rdkit_place.sdf,KYUARQFQJUCNFW-UHFFFAOYSA-N-8,True,True,True,True,True,True,True,True,True
rdkit_place.sdf,KYUARQFQJUCNFW-UHFFFAOYSA-N-9,True,True,True,True,True,True,True,True,True
rdkit_place.sdf,AKCZIULVMOLGHC-UHFFFAOYSA-N-0,True,True,True,True,True,True,True,True,True
rdkit_place.sdf,AKCZIULVMOLGHC-UHFFFAOYSA-N-1,True,True,True,True,True,True,True,True,True
rdkit_place.sdf,AKCZIULVMOLGHC-UHFFFAOYSA-N-2,True,True,True,True,True,True,True,True,True
rdkit_place.sdf,AKCZIULVMOLGHC-UHFFFAOYSA-N-3,True,True,True,True,True,True,True,True,True
rdkit_place.sdf,AKCZIULVMOLGHC-UHFFFAOYSA-N-4,True,True,True,True,True,True,True,True,True
rdkit_place.sdf,AKCZIULVMOLGHC-UHFFFAOYSA-N-5,True,True,True,True,True,True,True,True,True
rdkit_place.sdf,AKCZIULVMOLGHC-UHFFFAOYSA-N-6,True,True,True,True,True,True,True,True,True
rdkit_place.sdf,AKCZIULVMOLGHC-UHFFFAOYSA-N-7,True,True,True,True,True,True,True,True,True
rdkit_place.sdf,AKCZIULVMOLGHC-UHFFFAOYSA-N-8,True,True,True,True,True,True,True,True,True
rdkit_place.sdf,AKCZIULVMOLGHC-UHFFFAOYSA-N-9,True,True,True,True,True,True,True,True,True
rdkit_place.sdf,XNQQWKFGJZTTEX-UHFFFAOYSA-N-0,True,True,True,True,True,True,True,True,True
rdkit_place.sdf,XNQQWKFGJZTTEX-UHFFFAOYSA-N-1,True,True,True,True,True,True,True,True,True
rdkit_place.sdf,XNQQWKFGJZTTEX-UHFFFAOYSA-N-2,True,True,True,True,True,True,True,True,True
rdkit_place.sdf,XNQQWKFGJZTTEX-UHFFFAOYSA-N-3,True,True,True,True,True,True,True,True,True
rdkit_place.sdf,XNQQWKFGJZTTEX-UHFFFAOYSA-N-4,True,True,True,True,True,True,True,True,True
rdkit_place.sdf,XNQQWKFGJZTTEX-UHFFFAOYSA-N-5,True,True,True,True,True,True,True,True,True
rdkit_place.sdf,XNQQWKFGJZTTEX-UHFFFAOYSA-N-6,True,True,True,True,True,True,True,True,True
rdkit_place.sdf,XNQQWKFGJZTTEX-UHFFFAOYSA-N-7,True,True,True,True,True,True,True,True,True
rdkit_place.sdf,XNQQWKFGJZTTEX-UHFFFAOYSA-N-8,True,True,True,True,True,True,True,True,True
rdkit_place.sdf,XNQQWKFGJZTTEX-UHFFFAOYSA-N-9,True,True,True,True,True,True,True,True,True
rdkit_place.sdf,CVBLKWHDGHXHMC-UHFFFAOYSA-N-0,True,True,True,True,True,True,True,True,True
rdkit_place.sdf,CVBLKWHDGHXHMC-UHFFFAOYSA-N-1,True,True,True,True,True,True,True,True,True
rdkit_place.sdf,CVBLKWHDGHXHMC-UHFFFAOYSA-N-2,True,True,True,True,True,True,True,True,True
rdkit_place.sdf,CVBLKWHDGHXHMC-UHFFFAOYSA-N-3,True,True,True,True,True,True,True,True,True
rdkit_place.sdf,CVBLKWHDGHXHMC-UHFFFAOYSA-N-4,True,True,True,True,True,True,True,True,True
rdkit_place.sdf,CVBLKWHDGHXHMC-UHFFFAOYSA-N-5,True,True,True,True,True,True,True,True,True
rdkit_place.sdf,CVBLKWHDGHXHMC-UHFFFAOYSA-N-6,True,True,True,True,True,True,True,True,True
rdkit_place.sdf,CVBLKWHDGHXHMC-UHFFFAOYSA-N-7,True,True,True,True,True,True,True,True,True
rdkit_place.sdf,CVBLKWHDGHXHMC-UHFFFAOYSA-N-8,True,True,True,True,True,True,True,True,True
rdkit_place.sdf,CVBLKWHDGHXHMC-UHFFFAOYSA-N-9,True,True,True,True,True,True,True,True,True
rdkit_place.sdf,UASUHFYDLOTSPQ-UHFFFAOYSA-N-0,True,True,True,True,True,True,True,True,True
rdkit_place.sdf,UASUHFYDLOTSPQ-UHFFFAOYSA-N-1,True,True,True,True,True,True,True,True,True
rdkit_place.sdf,UASUHFYDLOTSPQ-UHFFFAOYSA-N-2,True,True,True,True,True,True,True,True,True
rdkit_place.sdf,UASUHFYDLOTSPQ-UHFFFAOYSA-N-3,True,True,True,True,True,True,True,True,True
rdkit_place.sdf,UASUHFYDLOTSPQ-UHFFFAOYSA-N-4,True,True,True,True,True,True,True,True,True
rdkit_place.sdf,UASUHFYDLOTSPQ-UHFFFAOYSA-N-5,True,True,True,True,True,True,True,True,True
rdkit_place.sdf,UASUHFYDLOTSPQ-UHFFFAOYSA-N-6,True,True,True,True,True,True,True,True,True
rdkit_place.sdf,UASUHFYDLOTSPQ-UHFFFAOYSA-N-7,True,True,True,True,True,True,True,True,True
rdkit_place.sdf,UASUHFYDLOTSPQ-UHFFFAOYSA-N-8,True,True,True,True,True,True,True,True,True
rdkit_place.sdf,UASUHFYDLOTSPQ-UHFFFAOYSA-N-9,True,True,True,True,True,True,True,True,True
rdkit_place.sdf,WKZRUHMHRSTISJ-UHFFFAOYSA-N-0,True,True,True,True,True,True,True,True,True
rdkit_place.sdf,WKZRUHMHRSTISJ-UHFFFAOYSA-N-1,True,True,True,True,True,True,True,True,True
rdkit_place.sdf,WKZRUHMHRSTISJ-UHFFFAOYSA-N-2,True,True,True,True,True,True,True,True,True
rdkit_place.sdf,WKZRUHMHRSTISJ-UHFFFAOYSA-N-3,True,True,True,True,True,True,True,True,True
rdkit_place.sdf,WKZRUHMHRSTISJ-UHFFFAOYSA-N-4,True,True,True,True,True,True,True,True,True
rdkit_place.sdf,WKZRUHMHRSTISJ-UHFFFAOYSA-N-5,True,True,True,True,True,True,True,True,True
rdkit_place.sdf,WKZRUHMHRSTISJ-UHFFFAOYSA-N-6,True,True,True,True,True,True,True,True,True
rdkit_place.sdf,WKZRUHMHRSTISJ-UHFFFAOYSA-N-7,True,True,True,True,True,True,True,True,True
rdkit_place.sdf,WKZRUHMHRSTISJ-UHFFFAOYSA-N-8,True,True,True,True,True,True,True,True,True
rdkit_place.sdf,WKZRUHMHRSTISJ-UHFFFAOYSA-N-9,True,True,True,True,True,True,True,True,True
rdkit_place.sdf,GNGHXHDPKASYTF-UHFFFAOYSA-N-0,True,True,True,True,True,True,True,True,True
rdkit_place.sdf,GNGHXHDPKASYTF-UHFFFAOYSA-N-1,True,True,True,True,True,True,True,True,True
rdkit_place.sdf,GNGHXHDPKASYTF-UHFFFAOYSA-N-2,True,True,True,True,True,True,True,True,True
rdkit_place.sdf,GNGHXHDPKASYTF-UHFFFAOYSA-N-3,True,True,True,True,True,True,True,True,True
rdkit_place.sdf,GNGHXHDPKASYTF-UHFFFAOYSA-N-4,True,True,True,True,True,True,True,True,True
rdkit_place.sdf,GNGHXHDPKASYTF-UHFFFAOYSA-N-5,True,True,True,True,True,True,True,True,True
rdkit_place.sdf,GNGHXHDPKASYTF-UHFFFAOYSA-N-6,True,True,True,True,True,True,True,True,False
rdkit_place.sdf,GNGHXHDPKASYTF-UHFFFAOYSA-N-7,True,True,True,True,True,True,True,True,False
rdkit_place.sdf,GNGHXHDPKASYTF-UHFFFAOYSA-N-8,True,True,True,True,True,True,True,True,False
rdkit_place.sdf,GNGHXHDPKASYTF-UHFFFAOYSA-N-9,True,True,True,True,True,True,True,True,False
rdkit_place.sdf,STIQFIHEOJHUKS-UHFFFAOYSA-N-0,True,True,True,True,True,True,True,True,True
rdkit_place.sdf,STIQFIHEOJHUKS-UHFFFAOYSA-N-1,True,True,True,True,True,True,False,True,True
rdkit_place.sdf,STIQFIHEOJHUKS-UHFFFAOYSA-N-2,True,True,True,True,True,True,False,True,True
rdkit_place.sdf,STIQFIHEOJHUKS-UHFFFAOYSA-N-3,True,True,True,True,True,True,True,True,True
rdkit_place.sdf,STIQFIHEOJHUKS-UHFFFAOYSA-N-4,True,True,True,True,True,True,True,True,True
rdkit_place.sdf,STIQFIHEOJHUKS-UHFFFAOYSA-N-5,True,True,True,True,True,True,True,True,True
rdkit_place.sdf,STIQFIHEOJHUKS-UHFFFAOYSA-N-6,True,True,True,True,True,True,True,True,True
rdkit_place.sdf,STIQFIHEOJHUKS-UHFFFAOYSA-N-7,True,True,True,True,True,True,True,True,True
rdkit_place.sdf,STIQFIHEOJHUKS-UHFFFAOYSA-N-8,True,True,True,True,True,True,True,True,True
rdkit_place.sdf,STIQFIHEOJHUKS-UHFFFAOYSA-N-9,True,True,True,True,True,True,False,True,True
rdkit_place.sdf,HTQKETIGMLSVKZ-UHFFFAOYSA-N-0,True,True,True,True,True,True,True,True,True
rdkit_place.sdf,HTQKETIGMLSVKZ-UHFFFAOYSA-N-1,True,True,True,True,True,True,True,True,True
rdkit_place.sdf,HTQKETIGMLSVKZ-UHFFFAOYSA-N-2,True,True,True,True,True,True,True,True,True
rdkit_place.sdf,HTQKETIGMLSVKZ-UHFFFAOYSA-N-3,True,True,True,True,True,True,True,True,True
rdkit_place.sdf,HTQKETIGMLSVKZ-UHFFFAOYSA-N-4,True,True,True,True,True,True,True,True,True
rdkit_place.sdf,HTQKETIGMLSVKZ-UHFFFAOYSA-N-5,True,True,True,True,True,True,True,True,True
rdkit_place.sdf,HTQKETIGMLSVKZ-UHFFFAOYSA-N-6,True,True,True,True,True,True,True,True,True
rdkit_place.sdf,HTQKETIGMLSVKZ-UHFFFAOYSA-N-7,True,True,True,True,True,True,True,True,True
rdkit_place.sdf,HTQKETIGMLSVKZ-UHFFFAOYSA-N-8,True,True,True,True,True,True,True,True,True
rdkit_place.sdf,HTQKETIGMLSVKZ-UHFFFAOYSA-N-9,True,True,True,True,True,True,True,True,True
rdkit_place.sdf,XIPUDWAUXVXPNO-UHFFFAOYSA-N-0,True,True,True,True,True,True,True,True,True
rdkit_place.sdf,XIPUDWAUXVXPNO-UHFFFAOYSA-N-1,True,True,True,True,True,True,True,True,True
rdkit_place.sdf,XIPUDWAUXVXPNO-UHFFFAOYSA-N-2,True,True,True,True,True,True,True,True,True
rdkit_place.sdf,XIPUDWAUXVXPNO-UHFFFAOYSA-N-3,True,True,True,True,True,True,True,True,True
rdkit_place.sdf,XIPUDWAUXVXPNO-UHFFFAOYSA-N-4,True,True,True,True,True,True,True,True,True
rdkit_place.sdf,XIPUDWAUXVXPNO-UHFFFAOYSA-N-5,True,True,True,True,True,True,True,True,True
rdkit_place.sdf,XIPUDWAUXVXPNO-UHFFFAOYSA-N-6,True,True,True,True,True,True,True,True,True
rdkit_place.sdf,XIPUDWAUXVXPNO-UHFFFAOYSA-N-7,True,True,True,True,True,True,True,True,True
rdkit_place.sdf,XIPUDWAUXVXPNO-UHFFFAOYSA-N-8,True,True,True,True,True,True,True,True,True
rdkit_place.sdf,XIPUDWAUXVXPNO-UHFFFAOYSA-N-9,True,True,True,True,True,True,True,True,True
rdkit_place.sdf,VKJZGMPIQHJVLA-UHFFFAOYSA-N-0,True,True,True,True,True,True,True,True,True
rdkit_place.sdf,VKJZGMPIQHJVLA-UHFFFAOYSA-N-1,True,True,True,True,True,True,True,True,True
rdkit_place.sdf,VKJZGMPIQHJVLA-UHFFFAOYSA-N-2,True,True,True,True,True,True,True,True,True
rdkit_place.sdf,VKJZGMPIQHJVLA-UHFFFAOYSA-N-3,True,True,True,True,True,True,True,True,True
rdkit_place.sdf,VKJZGMPIQHJVLA-UHFFFAOYSA-N-4,True,True,True,True,True,True,True,True,True
rdkit_place.sdf,VKJZGMPIQHJVLA-UHFFFAOYSA-N-5,True,True,True,True,True,True,True,True,True
rdkit_place.sdf,VKJZGMPIQHJVLA-UHFFFAOYSA-N-6,True,True,True,True,True,True,True,True,True
rdkit_place.sdf,VKJZGMPIQHJVLA-UHFFFAOYSA-N-7,True,True,True,True,True,True,True,True,True
rdkit_place.sdf,VKJZGMPIQHJVLA-UHFFFAOYSA-N-8,True,True,True,True,True,True,True,True,True
rdkit_place.sdf,VKJZGMPIQHJVLA-UHFFFAOYSA-N-9,True,True,True,True,True,True,True,True,True
rdkit_place.sdf,PNVZAYIBWRTCMN-UHFFFAOYSA-N-0,True,True,True,True,True,True,True,True,True
rdkit_place.sdf,PNVZAYIBWRTCMN-UHFFFAOYSA-N-1,True,True,True,True,True,True,True,True,True
rdkit_place.sdf,PNVZAYIBWRTCMN-UHFFFAOYSA-N-2,True,True,True,True,True,True,True,True,True
rdkit_place.sdf,PNVZAYIBWRTCMN-UHFFFAOYSA-N-3,True,True,True,True,True,True,True,True,True
rdkit_place.sdf,PNVZAYIBWRTCMN-UHFFFAOYSA-N-4,True,True,True,True,True,True,True,True,True
rdkit_place.sdf,PNVZAYIBWRTCMN-UHFFFAOYSA-N-5,True,True,True,True,True,True,True,True,True
rdkit_place.sdf,PNVZAYIBWRTCMN-UHFFFAOYSA-N-6,True,True,True,True,True,True,True,True,True
rdkit_place.sdf,PNVZAYIBWRTCMN-UHFFFAOYSA-N-7,True,True,True,True,True,True,True,True,True
rdkit_place.sdf,PNVZAYIBWRTCMN-UHFFFAOYSA-N-8,True,True,True,True,True,True,True,True,True
rdkit_place.sdf,PNVZAYIBWRTCMN-UHFFFAOYSA-N-9,True,True,True,True,True,True,True,True,True
rdkit_place.sdf,ZVTXJLVFUAMZRS-UHFFFAOYSA-N-0,True,True,True,True,True,True,True,True,True
rdkit_place.sdf,ZVTXJLVFUAMZRS-UHFFFAOYSA-N-1,True,True,True,True,True,True,True,True,True
rdkit_place.sdf,ZVTXJLVFUAMZRS-UHFFFAOYSA-N-2,True,True,True,True,True,True,True,True,True
rdkit_place.sdf,ZVTXJLVFUAMZRS-UHFFFAOYSA-N-3,True,True,True,True,True,True,True,True,True
rdkit_place.sdf,ZVTXJLVFUAMZRS-UHFFFAOYSA-N-4,True,True,True,True,True,True,True,True,True
rdkit_place.sdf,ZVTXJLVFUAMZRS-UHFFFAOYSA-N-5,True,True,True,True,True,True,True,True,True
rdkit_place.sdf,ZVTXJLVFUAMZRS-UHFFFAOYSA-N-6,True,True,True,True,True,True,True,True,True
rdkit_place.sdf,ZVTXJLVFUAMZRS-UHFFFAOYSA-N-7,True,True,True,True,True,True,True,True,True
rdkit_place.sdf,ZVTXJLVFUAMZRS-UHFFFAOYSA-N-8,True,True,True,True,True,True,True,True,True
rdkit_place.sdf,ZVTXJLVFUAMZRS-UHFFFAOYSA-N-9,True,True,True,True,True,True,True,True,True
rdkit_place.sdf,NMLCPEMTBQOHIE-UHFFFAOYSA-N-0,True,True,True,True,True,True,True,True,True
rdkit_place.sdf,NMLCPEMTBQOHIE-UHFFFAOYSA-N-1,True,True,True,True,True,True,True,True,True
rdkit_place.sdf,NMLCPEMTBQOHIE-UHFFFAOYSA-N-2,True,True,True,True,True,True,True,True,True
rdkit_place.sdf,NMLCPEMTBQOHIE-UHFFFAOYSA-N-3,True,True,True,True,True,True,True,True,True
rdkit_place.sdf,NMLCPEMTBQOHIE-UHFFFAOYSA-N-4,True,True,True,True,True,True,True,True,True
rdkit_place.sdf,NMLCPEMTBQOHIE-UHFFFAOYSA-N-5,True,True,True,True,True,True,True,True,True
rdkit_place.sdf,NMLCPEMTBQOHIE-UHFFFAOYSA-N-6,True,True,True,True,True,True,True,True,True
rdkit_place.sdf,NMLCPEMTBQOHIE-UHFFFAOYSA-N-7,True,True,True,True,True,True,True,True,True
rdkit_place.sdf,NMLCPEMTBQOHIE-UHFFFAOYSA-N-8,True,True,True,True,True,True,True,True,True
rdkit_place.sdf,NMLCPEMTBQOHIE-UHFFFAOYSA-N-9,True,True,True,True,True,True,True,True,True
rdkit_place.sdf,SMTYBWHFSAKKED-UHFFFAOYSA-N-0,True,True,True,True,True,True,True,True,True
rdkit_place.sdf,SMTYBWHFSAKKED-UHFFFAOYSA-N-1,True,True,True,True,True,True,True,True,True
rdkit_place.sdf,SMTYBWHFSAKKED-UHFFFAOYSA-N-2,True,True,True,True,True,True,True,True,True
rdkit_place.sdf,SMTYBWHFSAKKED-UHFFFAOYSA-N-3,True,True,True,True,True,True,True,True,True
rdkit_place.sdf,SMTYBWHFSAKKED-UHFFFAOYSA-N-4,True,True,True,True,True,True,True,True,True
rdkit_place.sdf,SMTYBWHFSAKKED-UHFFFAOYSA-N-5,True,True,True,True,True,True,True,True,True
rdkit_place.sdf,SMTYBWHFSAKKED-UHFFFAOYSA-N-6,True,True,True,True,True,True,True,True,True
rdkit_place.sdf,SMTYBWHFSAKKED-UHFFFAOYSA-N-7,True,True,True,True,True,True,True,True,True
rdkit_place.sdf,SMTYBWHFSAKKED-UHFFFAOYSA-N-8,True,True,True,True,True,True,True,True,True
rdkit_place.sdf,SMTYBWHFSAKKED-UHFFFAOYSA-N-9,True,True,True,True,True,True,True,True,True
rdkit_place.sdf,JKENRCTVZAQDOU-UHFFFAOYSA-N-0,True,True,True,True,True,True,True,True,True
rdkit_place.sdf,JKENRCTVZAQDOU-UHFFFAOYSA-N-1,True,True,True,True,True,True,True,True,True
rdkit_place.sdf,JKENRCTVZAQDOU-UHFFFAOYSA-N-2,True,True,True,True,True,True,True,True,True
rdkit_place.sdf,JKENRCTVZAQDOU-UHFFFAOYSA-N-3,True,True,True,True,True,True,True,True,True
rdkit_place.sdf,JKENRCTVZAQDOU-UHFFFAOYSA-N-4,True,True,True,True,True,True,True,True,True
rdkit_place.sdf,JKENRCTVZAQDOU-UHFFFAOYSA-N-5,True,True,True,True,True,True,True,True,True
rdkit_place.sdf,JKENRCTVZAQDOU-UHFFFAOYSA-N-6,True,True,True,True,True,True,True,True,True
rdkit_place.sdf,JKENRCTVZAQDOU-UHFFFAOYSA-N-7,True,True,True,True,True,True,True,True,True
rdkit_place.sdf,JKENRCTVZAQDOU-UHFFFAOYSA-N-8,True,True,True,True,True,True,True,True,True
rdkit_place.sdf,JKENRCTVZAQDOU-UHFFFAOYSA-N-9,True,True,True,True,True,True,True,True,True
rdkit_place.sdf,WMXYYSIGMVYKFL-UHFFFAOYSA-N-0,True,True,True,True,True,True,True,True,True
rdkit_place.sdf,WMXYYSIGMVYKFL-UHFFFAOYSA-N-1,True,True,True,True,True,True,True,True,True
rdkit_place.sdf,WMXYYSIGMVYKFL-UHFFFAOYSA-N-2,True,True,True,True,True,True,True,True,True
rdkit_place.sdf,WMXYYSIGMVYKFL-UHFFFAOYSA-N-3,True,True,True,True,True,True,True,True,True
rdkit_place.sdf,WMXYYSIGMVYKFL-UHFFFAOYSA-N-4,True,True,True,True,True,True,True,True,True
rdkit_place.sdf,WMXYYSIGMVYKFL-UHFFFAOYSA-N-5,True,True,True,True,True,True,True,True,True
rdkit_place.sdf,WMXYYSIGMVYKFL-UHFFFAOYSA-N-6,True,True,True,True,True,True,True,True,True
rdkit_place.sdf,WMXYYSIGMVYKFL-UHFFFAOYSA-N-7,True,True,True,True,True,True,True,True,True
rdkit_place.sdf,WMXYYSIGMVYKFL-UHFFFAOYSA-N-8,True,True,True,True,True,True,True,True,True
rdkit_place.sdf,WMXYYSIGMVYKFL-UHFFFAOYSA-N-9,True,True,True,True,True,True,True,True,True
rdkit_place.sdf,VDDVVUWBLUMWLR-UHFFFAOYSA-N-0,True,True,True,True,True,True,True,True,True
rdkit_place.sdf,VDDVVUWBLUMWLR-UHFFFAOYSA-N-1,True,True,True,True,True,True,True,True,True
rdkit_place.sdf,VDDVVUWBLUMWLR-UHFFFAOYSA-N-2,True,True,True,True,True,True,True,True,True
rdkit_place.sdf,VDDVVUWBLUMWLR-UHFFFAOYSA-N-3,True,True,True,True,True,True,True,True,True
rdkit_place.sdf,VDDVVUWBLUMWLR-UHFFFAOYSA-N-4,True,True,True,True,True,True,True,True,True
rdkit_place.sdf,VDDVVUWBLUMWLR-UHFFFAOYSA-N-5,True,True,True,True,True,True,True,True,True
rdkit_place.sdf,VDDVVUWBLUMWLR-UHFFFAOYSA-N-6,True,True,True,True,True,True,True,True,True
rdkit_place.sdf,VDDVVUWBLUMWLR-UHFFFAOYSA-N-7,True,True,True,True,True,True,True,True,True
rdkit_place.sdf,VDDVVUWBLUMWLR-UHFFFAOYSA-N-8,True,True,True,True,True,True,True,True,True
rdkit_place.sdf,VDDVVUWBLUMWLR-UHFFFAOYSA-N-9,True,True,True,True,True,True,True,True,True
rdkit_place.sdf,ZMNSQVIBTKNQGL-UHFFFAOYSA-N-0,True,True,True,True,True,True,True,True,True
rdkit_place.sdf,ZMNSQVIBTKNQGL-UHFFFAOYSA-N-1,True,True,True,True,True,True,True,True,True
rdkit_place.sdf,ZMNSQVIBTKNQGL-UHFFFAOYSA-N-2,True,True,True,True,True,True,True,True,True
rdkit_place.sdf,ZMNSQVIBTKNQGL-UHFFFAOYSA-N-3,True,True,True,True,True,True,True,True,True
rdkit_place.sdf,ZMNSQVIBTKNQGL-UHFFFAOYSA-N-4,True,True,True,True,True,True,True,True,True
rdkit_place.sdf,ZMNSQVIBTKNQGL-UHFFFAOYSA-N-5,True,True,True,True,True,True,True,True,True
rdkit_place.sdf,ZMNSQVIBTKNQGL-UHFFFAOYSA-N-6,True,True,True,True,True,True,True,True,True
rdkit_place.sdf,ZMNSQVIBTKNQGL-UHFFFAOYSA-N-7,True,True,True,True,True,True,False,True,True
rdkit_place.sdf,ZMNSQVIBTKNQGL-UHFFFAOYSA-N-8,True,True,True,True,True,True,True,True,True
rdkit_place.sdf,ZMNSQVIBTKNQGL-UHFFFAOYSA-N-9,True,True,True,True,True,True,True,True,True
rdkit_place.sdf,BRSYMCNEXAIIKP-UHFFFAOYSA-N-0,True,True,True,True,True,True,True,True,True
rdkit_place.sdf,BRSYMCNEXAIIKP-UHFFFAOYSA-N-1,True,True,True,True,True,True,True,True,True
rdkit_place.sdf,BRSYMCNEXAIIKP-UHFFFAOYSA-N-2,True,True,True,True,True,True,True,True,True
rdkit_place.sdf,BRSYMCNEXAIIKP-UHFFFAOYSA-N-3,True,True,True,True,True,True,True,True,True
rdkit_place.sdf,BRSYMCNEXAIIKP-UHFFFAOYSA-N-4,True,True,True,True,True,True,True,True,True
rdkit_place.sdf,BRSYMCNEXAIIKP-UHFFFAOYSA-N-5,True,True,True,True,True,True,True,True,True
rdkit_place.sdf,BRSYMCNEXAIIKP-UHFFFAOYSA-N-6,True,True,True,True,True,True,True,True,True
rdkit_place.sdf,BRSYMCNEXAIIKP-UHFFFAOYSA-N-7,True,True,True,True,True,True,True,True,True
rdkit_place.sdf,BRSYMCNEXAIIKP-UHFFFAOYSA-N-8,True,True,True,True,True,True,True,True,True
rdkit_place.sdf,BRSYMCNEXAIIKP-UHFFFAOYSA-N-9,True,True,True,True,True,True,True,True,True
rdkit_place.sdf,APPQVEGAZDMLRK-UHFFFAOYSA-N-0,True,True,True,True,True,True,True,True,True
rdkit_place.sdf,APPQVEGAZDMLRK-UHFFFAOYSA-N-1,True,True,True,True,True,True,True,True,True
rdkit_place.sdf,APPQVEGAZDMLRK-UHFFFAOYSA-N-2,True,True,True,True,True,True,True,True,True
rdkit_place.sdf,APPQVEGAZDMLRK-UHFFFAOYSA-N-3,True,True,True,True,True,True,True,True,True
rdkit_place.sdf,APPQVEGAZDMLRK-UHFFFAOYSA-N-4,True,True,True,True,True,True,True,True,True
rdkit_place.sdf,APPQVEGAZDMLRK-UHFFFAOYSA-N-5,True,True,True,True,True,True,True,True,True
rdkit_place.sdf,APPQVEGAZDMLRK-UHFFFAOYSA-N-6,True,True,True,True,True,True,True,True,True
rdkit_place.sdf,APPQVEGAZDMLRK-UHFFFAOYSA-N-7,True,True,True,True,True,True,True,True,True
rdkit_place.sdf,APPQVEGAZDMLRK-UHFFFAOYSA-N-8,True,True,True,True,True,True,True,True,True
rdkit_place.sdf,APPQVEGAZDMLRK-UHFFFAOYSA-N-9,True,True,True,True,True,True,True,True,True
rdkit_place.sdf,VDXZGYJNKRBGHE-UHFFFAOYSA-N-0,True,True,True,True,True,True,True,True,True
rdkit_place.sdf,VDXZGYJNKRBGHE-UHFFFAOYSA-N-1,True,True,True,True,True,True,True,True,True
rdkit_place.sdf,VDXZGYJNKRBGHE-UHFFFAOYSA-N-2,True,True,True,True,True,True,True,True,True
rdkit_place.sdf,VDXZGYJNKRBGHE-UHFFFAOYSA-N-3,True,True,True,True,True,True,True,True,True
rdkit_place.sdf,VDXZGYJNKRBGHE-UHFFFAOYSA-N-4,True,True,True,True,True,True,True,True,True
rdkit_place.sdf,VDXZGYJNKRBGHE-UHFFFAOYSA-N-5,True,True,True,True,True,True,True,True,True
rdkit_place.sdf,VDXZGYJNKRBGHE-UHFFFAOYSA-N-6,True,True,True,True,True,True,True,True,True
rdkit_place.sdf,VDXZGYJNKRBGHE-UHFFFAOYSA-N-7,True,True,True,True,True,True,True,True,True
rdkit_place.sdf,VDXZGYJNKRBGHE-UHFFFAOYSA-N-8,True,True,True,True,True,True,True,True,True
rdkit_place.sdf,VDXZGYJNKRBGHE-UHFFFAOYSA-N-9,True,True,True,True,True,True,True,True,True
rdkit_place.sdf,GVPFTUOBLWBNJI-UHFFFAOYSA-N-0,True,True,True,True,True,True,True,True,True
rdkit_place.sdf,GVPFTUOBLWBNJI-UHFFFAOYSA-N-1,True,True,True,True,True,True,True,True,True
rdkit_place.sdf,GVPFTUOBLWBNJI-UHFFFAOYSA-N-2,True,True,True,True,True,True,True,True,True
rdkit_place.sdf,GVPFTUOBLWBNJI-UHFFFAOYSA-N-3,True,True,True,True,True,True,True,True,True
rdkit_place.sdf,GVPFTUOBLWBNJI-UHFFFAOYSA-N-4,True,True,True,True,True,True,True,True,True
rdkit_place.sdf,GVPFTUOBLWBNJI-UHFFFAOYSA-N-5,True,True,True,True,True,True,True,True,True
rdkit_place.sdf,GVPFTUOBLWBNJI-UHFFFAOYSA-N-6,True,True,True,True,True,True,True,True,True
rdkit_place.sdf,GVPFTUOBLWBNJI-UHFFFAOYSA-N-7,True,True,True,True,True,True,True,True,True
rdkit_place.sdf,GVPFTUOBLWBNJI-UHFFFAOYSA-N-8,True,True,True,True,True,True,True,True,True
rdkit_place.sdf,GVPFTUOBLWBNJI-UHFFFAOYSA-N-9,True,True,True,True,True,True,True,True,True
rdkit_place.sdf,FBNVFPGRCAQPCT-UHFFFAOYSA-N-0,True,True,True,True,True,True,True,True,True
rdkit_place.sdf,FBNVFPGRCAQPCT-UHFFFAOYSA-N-1,True,True,True,True,True,True,True,True,True
rdkit_place.sdf,FBNVFPGRCAQPCT-UHFFFAOYSA-N-2,True,True,True,True,True,True,True,True,True
rdkit_place.sdf,FBNVFPGRCAQPCT-UHFFFAOYSA-N-3,True,True,True,True,True,True,True,True,True
rdkit_place.sdf,FBNVFPGRCAQPCT-UHFFFAOYSA-N-4,True,True,True,True,True,True,True,True,True
rdkit_place.sdf,FBNVFPGRCAQPCT-UHFFFAOYSA-N-5,True,True,True,True,True,True,True,True,True
rdkit_place.sdf,FBNVFPGRCAQPCT-UHFFFAOYSA-N-6,True,True,True,True,True,True,True,True,True
rdkit_place.sdf,FBNVFPGRCAQPCT-UHFFFAOYSA-N-7,True,True,True,True,True,True,True,True,True
rdkit_place.sdf,FBNVFPGRCAQPCT-UHFFFAOYSA-N-8,True,True,True,True,True,True,True,True,True
rdkit_place.sdf,FBNVFPGRCAQPCT-UHFFFAOYSA-N-9,True,True,True,True,True,True,True,True,True
rdkit_place.sdf,ZTDJEGPURPWKAK-UHFFFAOYSA-N-0,True,True,True,True,True,True,True,True,True
rdkit_place.sdf,ZTDJEGPURPWKAK-UHFFFAOYSA-N-1,True,True,True,True,True,True,True,True,True
rdkit_place.sdf,ZTDJEGPURPWKAK-UHFFFAOYSA-N-2,True,True,True,True,True,True,True,True,True
rdkit_place.sdf,ZTDJEGPURPWKAK-UHFFFAOYSA-N-3,True,True,True,True,True,True,True,True,True
rdkit_place.sdf,ZTDJEGPURPWKAK-UHFFFAOYSA-N-4,True,True,True,True,True,True,True,True,True
rdkit_place.sdf,ZTDJEGPURPWKAK-UHFFFAOYSA-N-5,True,True,True,True,True,True,True,True,True
rdkit_place.sdf,ZTDJEGPURPWKAK-UHFFFAOYSA-N-6,True,True,True,True,True,True,True,True,True
rdkit_place.sdf,ZTDJEGPURPWKAK-UHFFFAOYSA-N-7,True,True,True,True,True,True,True,True,True
rdkit_place.sdf,ZTDJEGPURPWKAK-UHFFFAOYSA-N-8,True,True,True,True,True,True,True,True,True
rdkit_place.sdf,ZTDJEGPURPWKAK-UHFFFAOYSA-N-9,True,True,True,True,True,True,True,True,True
rdkit_place.sdf,WBDILGJJGDRLFR-UHFFFAOYSA-N-0,True,True,True,True,True,True,True,True,True
rdkit_place.sdf,WBDILGJJGDRLFR-UHFFFAOYSA-N-1,True,True,True,True,True,True,True,True,True
rdkit_place.sdf,WBDILGJJGDRLFR-UHFFFAOYSA-N-2,True,True,True,True,True,True,True,True,True
rdkit_place.sdf,WBDILGJJGDRLFR-UHFFFAOYSA-N-3,True,True,True,True,True,True,True,True,True
rdkit_place.sdf,WBDILGJJGDRLFR-UHFFFAOYSA-N-4,True,True,True,True,True,True,True,True,True
rdkit_place.sdf,WBDILGJJGDRLFR-UHFFFAOYSA-N-5,True,True,True,True,True,True,True,True,True
rdkit_place.sdf,WBDILGJJGDRLFR-UHFFFAOYSA-N-6,True,True,True,True,True,True,True,True,True
rdkit_place.sdf,WBDILGJJGDRLFR-UHFFFAOYSA-N-7,True,True,True,True,True,True,True,True,True
rdkit_place.sdf,WBDILGJJGDRLFR-UHFFFAOYSA-N-8,True,True,True,True,True,True,True,True,True
rdkit_place.sdf,WBDILGJJGDRLFR-UHFFFAOYSA-N-9,True,True,True,True,True,True,True,True,True
rdkit_place.sdf,VPAXKPTVSGUXQZ-UHFFFAOYSA-N-0,True,True,True,True,True,True,True,True,True
rdkit_place.sdf,VPAXKPTVSGUXQZ-UHFFFAOYSA-N-1,True,True,True,True,True,True,True,True,True
rdkit_place.sdf,VPAXKPTVSGUXQZ-UHFFFAOYSA-N-2,True,True,True,True,True,True,True,True,True
rdkit_place.sdf,VPAXKPTVSGUXQZ-UHFFFAOYSA-N-3,True,True,True,True,True,True,True,True,True
rdkit_place.sdf,VPAXKPTVSGUXQZ-UHFFFAOYSA-N-4,True,True,True,True,True,True,True,True,True
rdkit_place.sdf,VPAXKPTVSGUXQZ-UHFFFAOYSA-N-5,True,True,True,True,True,True,True,True,True
rdkit_place.sdf,VPAXKPTVSGUXQZ-UHFFFAOYSA-N-6,True,True,True,True,True,True,True,True,True
rdkit_place.sdf,VPAXKPTVSGUXQZ-UHFFFAOYSA-N-7,True,True,True,True,True,True,True,True,True
rdkit_place.sdf,VPAXKPTVSGUXQZ-UHFFFAOYSA-N-8,True,True,True,True,True,True,True,True,True
rdkit_place.sdf,VPAXKPTVSGUXQZ-UHFFFAOYSA-N-9,True,True,True,True,True,True,True,True,True
rdkit_place.sdf,HQEKNZNNUTZLAE-UHFFFAOYSA-N-0,True,True,True,True,True,True,True,True,True
rdkit_place.sdf,HQEKNZNNUTZLAE-UHFFFAOYSA-N-1,True,True,True,True,True,True,True,True,True
rdkit_place.sdf,HQEKNZNNUTZLAE-UHFFFAOYSA-N-2,True,True,True,True,True,True,True,True,True
rdkit_place.sdf,HQEKNZNNUTZLAE-UHFFFAOYSA-N-3,True,True,True,True,True,True,True,True,True
rdkit_place.sdf,HQEKNZNNUTZLAE-UHFFFAOYSA-N-4,True,True,True,True,True,True,True,True,True
rdkit_place.sdf,HQEKNZNNUTZLAE-UHFFFAOYSA-N-5,True,True,True,True,True,True,True,True,True
rdkit_place.sdf,HQEKNZNNUTZLAE-UHFFFAOYSA-N-6,True,True,True,True,True,True,True,True,True
rdkit_place.sdf,HQEKNZNNUTZLAE-UHFFFAOYSA-N-7,True,True,True,True,True,True,True,True,True
rdkit_place.sdf,HQEKNZNNUTZLAE-UHFFFAOYSA-N-8,True,True,True,True,True,True,True,True,True
rdkit_place.sdf,HQEKNZNNUTZLAE-UHFFFAOYSA-N-9,True,True,True,True,True,True,True,True,True
rdkit_place.sdf,AKSURHUAGQQWHX-UHFFFAOYSA-N-0,True,True,True,True,True,True,True,True,True
rdkit_place.sdf,AKSURHUAGQQWHX-UHFFFAOYSA-N-1,True,True,True,True,True,True,True,True,True
rdkit_place.sdf,AKSURHUAGQQWHX-UHFFFAOYSA-N-2,True,True,True,True,True,True,True,True,True
rdkit_place.sdf,AKSURHUAGQQWHX-UHFFFAOYSA-N-3,True,True,True,True,True,True,True,True,True
rdkit_place.sdf,AKSURHUAGQQWHX-UHFFFAOYSA-N-4,True,True,True,True,True,True,True,True,True
rdkit_place.sdf,AKSURHUAGQQWHX-UHFFFAOYSA-N-5,True,True,True,True,True,True,True,True,True
rdkit_place.sdf,AKSURHUAGQQWHX-UHFFFAOYSA-N-6,True,True,True,True,True,True,True,True,True
rdkit_place.sdf,AKSURHUAGQQWHX-UHFFFAOYSA-N-7,True,True,True,True,True,True,True,True,True
rdkit_place.sdf,AKSURHUAGQQWHX-UHFFFAOYSA-N-8,True,True,True,True,True,True,True,True,True
rdkit_place.sdf,AKSURHUAGQQWHX-UHFFFAOYSA-N-9,True,True,True,True,True,True,True,True,True
rdkit_place.sdf,NRZOHTQVIPNMMH-UHFFFAOYSA-N-0,True,True,True,True,True,True,True,True,True
rdkit_place.sdf,NRZOHTQVIPNMMH-UHFFFAOYSA-N-1,True,True,True,True,True,True,True,True,True
rdkit_place.sdf,NRZOHTQVIPNMMH-UHFFFAOYSA-N-2,True,True,True,True,True,True,True,True,True
rdkit_place.sdf,NRZOHTQVIPNMMH-UHFFFAOYSA-N-3,True,True,True,True,True,True,True,True,True
rdkit_place.sdf,NRZOHTQVIPNMMH-UHFFFAOYSA-N-4,True,True,True,True,True,True,True,True,True
rdkit_place.sdf,NRZOHTQVIPNMMH-UHFFFAOYSA-N-5,True,True,True,True,True,True,True,True,True
rdkit_place.sdf,NRZOHTQVIPNMMH-UHFFFAOYSA-N-6,True,True,True,True,True,True,True,True,True
rdkit_place.sdf,NRZOHTQVIPNMMH-UHFFFAOYSA-N-7,True,True,True,True,True,True,True,True,True
rdkit_place.sdf,NRZOHTQVIPNMMH-UHFFFAOYSA-N-8,True,True,True,True,True,True,True,True,True
rdkit_place.sdf,NRZOHTQVIPNMMH-UHFFFAOYSA-N-9,True,True,True,True,True,True,True,True,True
rdkit_place.sdf,PJFFRQDHURSHGM-UHFFFAOYSA-N-0,True,True,True,True,True,True,True,True,True
rdkit_place.sdf,PJFFRQDHURSHGM-UHFFFAOYSA-N-1,True,True,True,True,True,True,True,True,True
rdkit_place.sdf,PJFFRQDHURSHGM-UHFFFAOYSA-N-2,True,True,True,True,True,True,True,True,True
rdkit_place.sdf,PJFFRQDHURSHGM-UHFFFAOYSA-N-3,True,True,True,True,True,True,True,True,True
rdkit_place.sdf,PJFFRQDHURSHGM-UHFFFAOYSA-N-4,True,True,True,True,True,True,True,True,True
rdkit_place.sdf,PJFFRQDHURSHGM-UHFFFAOYSA-N-5,True,True,True,True,True,True,True,True,True
rdkit_place.sdf,PJFFRQDHURSHGM-UHFFFAOYSA-N-6,True,True,True,True,True,True,True,True,True
rdkit_place.sdf,PJFFRQDHURSHGM-UHFFFAOYSA-N-7,True,True,True,True,True,True,True,True,True
rdkit_place.sdf,PJFFRQDHURSHGM-UHFFFAOYSA-N-8,True,True,True,True,True,True,True,True,True
rdkit_place.sdf,PJFFRQDHURSHGM-UHFFFAOYSA-N-9,True,True,True,True,True,True,True,True,True
rdkit_place.sdf,VUFZUHMIPLXWGK-UHFFFAOYSA-N-0,True,True,True,True,True,True,True,True,True
rdkit_place.sdf,VUFZUHMIPLXWGK-UHFFFAOYSA-N-1,True,True,True,True,True,True,True,True,True
rdkit_place.sdf,VUFZUHMIPLXWGK-UHFFFAOYSA-N-2,True,True,True,True,True,True,True,True,True
rdkit_place.sdf,VUFZUHMIPLXWGK-UHFFFAOYSA-N-3,True,True,True,True,True,True,True,True,True
rdkit_place.sdf,VUFZUHMIPLXWGK-UHFFFAOYSA-N-4,True,True,True,True,True,True,True,True,True
rdkit_place.sdf,VUFZUHMIPLXWGK-UHFFFAOYSA-N-5,True,True,True,True,True,True,True,True,True
rdkit_place.sdf,VUFZUHMIPLXWGK-UHFFFAOYSA-N-6,True,True,True,True,True,True,True,True,True
rdkit_place.sdf,VUFZUHMIPLXWGK-UHFFFAOYSA-N-7,True,True,True,True,True,True,True,True,True
rdkit_place.sdf,VUFZUHMIPLXWGK-UHFFFAOYSA-N-8,True,True,True,True,True,True,True,True,True
rdkit_place.sdf,VUFZUHMIPLXWGK-UHFFFAOYSA-N-9,True,True,True,True,True,True,True,True,True
rdkit_place.sdf,XYKYGBPLRZPZMB-UHFFFAOYSA-N-0,True,True,True,True,True,True,True,True,True
rdkit_place.sdf,XYKYGBPLRZPZMB-UHFFFAOYSA-N-1,True,True,True,True,True,True,True,True,True
rdkit_place.sdf,XYKYGBPLRZPZMB-UHFFFAOYSA-N-2,True,True,True,True,True,True,True,True,True
rdkit_place.sdf,XYKYGBPLRZPZMB-UHFFFAOYSA-N-3,True,True,True,True,True,True,True,True,True
rdkit_place.sdf,XYKYGBPLRZPZMB-UHFFFAOYSA-N-4,True,True,True,True,True,True,True,True,True
rdkit_place.sdf,XYKYGBPLRZPZMB-UHFFFAOYSA-N-5,True,True,True,True,True,True,True,True,True
rdkit_place.sdf,XYKYGBPLRZPZMB-UHFFFAOYSA-N-6,True,True,True,True,True,True,True,True,True
rdkit_place.sdf,XYKYGBPLRZPZMB-UHFFFAOYSA-N-7,True,True,True,True,True,True,True,True,True
rdkit_place.sdf,XYKYGBPLRZPZMB-UHFFFAOYSA-N-8,True,True,True,True,True,True,True,True,True
rdkit_place.sdf,XYKYGBPLRZPZMB-UHFFFAOYSA-N-9,True,True,True,True,True,True,True,True,True
rdkit_place.sdf,FHQLHGVEQIMYTG-UHFFFAOYSA-N-0,True,True,True,True,True,True,True,True,True
rdkit_place.sdf,FHQLHGVEQIMYTG-UHFFFAOYSA-N-1,True,True,True,True,True,True,True,True,True
rdkit_place.sdf,FHQLHGVEQIMYTG-UHFFFAOYSA-N-2,True,True,True,True,True,True,True,True,True
rdkit_place.sdf,FHQLHGVEQIMYTG-UHFFFAOYSA-N-3,True,True,True,True,True,True,True,True,True
rdkit_place.sdf,FHQLHGVEQIMYTG-UHFFFAOYSA-N-4,True,True,True,True,True,True,True,True,True
rdkit_place.sdf,FHQLHGVEQIMYTG-UHFFFAOYSA-N-5,True,True,True,True,True,True,True,True,True
rdkit_place.sdf,FHQLHGVEQIMYTG-UHFFFAOYSA-N-6,True,True,True,True,True,True,True,True,True
rdkit_place.sdf,FHQLHGVEQIMYTG-UHFFFAOYSA-N-7,True,True,True,True,True,True,True,True,True
rdkit_place.sdf,FHQLHGVEQIMYTG-UHFFFAOYSA-N-8,True,True,True,True,True,True,True,True,True
rdkit_place.sdf,FHQLHGVEQIMYTG-UHFFFAOYSA-N-9,True,True,True,True,True,True,True,True,True
rdkit_place.sdf,AVXQRKTXSXBNPP-UHFFFAOYSA-N-0,True,True,True,True,True,True,True,True,True
rdkit_place.sdf,AVXQRKTXSXBNPP-UHFFFAOYSA-N-1,True,True,True,True,True,True,True,True,True
rdkit_place.sdf,AVXQRKTXSXBNPP-UHFFFAOYSA-N-2,True,True,True,True,True,True,True,True,True
rdkit_place.sdf,AVXQRKTXSXBNPP-UHFFFAOYSA-N-3,True,True,True,True,True,True,True,True,True
rdkit_place.sdf,AVXQRKTXSXBNPP-UHFFFAOYSA-N-4,True,True,True,True,True,True,True,True,True
rdkit_place.sdf,AVXQRKTXSXBNPP-UHFFFAOYSA-N-5,True,True,True,True,True,True,True,True,True
rdkit_place.sdf,AVXQRKTXSXBNPP-UHFFFAOYSA-N-6,True,True,True,True,True,True,True,True,True
rdkit_place.sdf,AVXQRKTXSXBNPP-UHFFFAOYSA-N-7,True,True,True,True,True,True,True,True,True
rdkit_place.sdf,AVXQRKTXSXBNPP-UHFFFAOYSA-N-8,True,True,True,True,True,True,True,True,True
rdkit_place.sdf,AVXQRKTXSXBNPP-UHFFFAOYSA-N-9,True,True,True,True,True,True,True,True,True
rdkit_place.sdf,BTQQVRBHNACNKU-UHFFFAOYSA-N-0,True,True,True,True,True,True,True,True,True
rdkit_place.sdf,BTQQVRBHNACNKU-UHFFFAOYSA-N-1,True,True,True,True,True,True,True,True,True
rdkit_place.sdf,BTQQVRBHNACNKU-UHFFFAOYSA-N-2,True,True,True,True,True,True,True,True,True
rdkit_place.sdf,BTQQVRBHNACNKU-UHFFFAOYSA-N-3,True,True,True,True,True,True,True,True,True
rdkit_place.sdf,BTQQVRBHNACNKU-UHFFFAOYSA-N-4,True,True,True,True,True,True,True,True,True
rdkit_place.sdf,BTQQVRBHNACNKU-UHFFFAOYSA-N-5,True,True,True,True,True,True,True,True,True
rdkit_place.sdf,BTQQVRBHNACNKU-UHFFFAOYSA-N-6,True,True,True,True,True,True,True,True,True
rdkit_place.sdf,BTQQVRBHNACNKU-UHFFFAOYSA-N-7,True,True,True,True,True,True,True,True,True
rdkit_place.sdf,BTQQVRBHNACNKU-UHFFFAOYSA-N-8,True,True,True,True,True,True,True,True,True
rdkit_place.sdf,BTQQVRBHNACNKU-UHFFFAOYSA-N-9,True,True,True,True,True,True,True,True,True
rdkit_place.sdf,JSUPXYZROWADPA-UHFFFAOYSA-N-0,True,True,True,True,True,True,True,True,True
rdkit_place.sdf,JSUPXYZROWADPA-UHFFFAOYSA-N-1,True,True,True,True,True,True,True,True,True
rdkit_place.sdf,JSUPXYZROWADPA-UHFFFAOYSA-N-2,True,True,True,True,True,True,True,True,True
rdkit_place.sdf,JSUPXYZROWADPA-UHFFFAOYSA-N-3,True,True,True,True,True,True,True,True,True
rdkit_place.sdf,JSUPXYZROWADPA-UHFFFAOYSA-N-4,True,True,True,True,True,True,True,True,True
rdkit_place.sdf,JSUPXYZROWADPA-UHFFFAOYSA-N-5,True,True,True,True,True,True,True,True,True
rdkit_place.sdf,JSUPXYZROWADPA-UHFFFAOYSA-N-6,True,True,True,True,True,True,True,True,True
rdkit_place.sdf,JSUPXYZROWADPA-UHFFFAOYSA-N-7,True,True,True,True,True,True,True,True,True
rdkit_place.sdf,JSUPXYZROWADPA-UHFFFAOYSA-N-8,True,True,True,True,True,True,True,True,True
rdkit_place.sdf,JSUPXYZROWADPA-UHFFFAOYSA-N-9,True,True,True,True,True,True,True,True,True
rdkit_place.sdf,YXOSKKANWJIJOY-UHFFFAOYSA-N-0,True,True,True,True,True,True,True,True,True
rdkit_place.sdf,YXOSKKANWJIJOY-UHFFFAOYSA-N-1,True,True,True,True,True,True,True,True,True
rdkit_place.sdf,YXOSKKANWJIJOY-UHFFFAOYSA-N-2,True,True,True,True,True,True,True,True,True
rdkit_place.sdf,YXOSKKANWJIJOY-UHFFFAOYSA-N-3,True,True,True,True,True,True,True,True,True
rdkit_place.sdf,YXOSKKANWJIJOY-UHFFFAOYSA-N-4,True,True,True,True,True,True,True,True,True
rdkit_place.sdf,YXOSKKANWJIJOY-UHFFFAOYSA-N-5,True,True,True,True,True,True,True,True,True
rdkit_place.sdf,YXOSKKANWJIJOY-UHFFFAOYSA-N-6,True,True,True,True,True,True,True,True,True
rdkit_place.sdf,YXOSKKANWJIJOY-UHFFFAOYSA-N-7,True,True,True,True,True,True,True,True,True
rdkit_place.sdf,YXOSKKANWJIJOY-UHFFFAOYSA-N-8,True,True,True,True,True,True,True,True,True
rdkit_place.sdf,YXOSKKANWJIJOY-UHFFFAOYSA-N-9,True,True,True,True,True,True,True,True,True
rdkit_place.sdf,LCSKLVVSOFHOOO-UHFFFAOYSA-N-0,True,True,True,True,True,True,True,True,True
rdkit_place.sdf,LCSKLVVSOFHOOO-UHFFFAOYSA-N-1,True,True,True,True,True,True,True,True,True
rdkit_place.sdf,LCSKLVVSOFHOOO-UHFFFAOYSA-N-2,True,True,True,True,True,True,True,True,True
rdkit_place.sdf,LCSKLVVSOFHOOO-UHFFFAOYSA-N-3,True,True,True,True,True,True,True,True,True
rdkit_place.sdf,LCSKLVVSOFHOOO-UHFFFAOYSA-N-4,True,True,True,True,True,True,True,True,True
rdkit_place.sdf,LCSKLVVSOFHOOO-UHFFFAOYSA-N-5,True,True,True,True,True,True,True,True,True
rdkit_place.sdf,LCSKLVVSOFHOOO-UHFFFAOYSA-N-6,True,True,True,True,True,True,True,True,True
rdkit_place.sdf,LCSKLVVSOFHOOO-UHFFFAOYSA-N-7,True,True,True,True,True,True,True,True,True
rdkit_place.sdf,LCSKLVVSOFHOOO-UHFFFAOYSA-N-8,True,True,True,True,True,True,True,True,True
rdkit_place.sdf,LCSKLVVSOFHOOO-UHFFFAOYSA-N-9,True,True,True,True,True,True,True,True,True
rdkit_place.sdf,BAOZEGOGVWZOIX-UHFFFAOYSA-N-0,True,True,True,True,True,True,True,True,True
rdkit_place.sdf,BAOZEGOGVWZOIX-UHFFFAOYSA-N-1,True,True,True,True,True,True,True,True,True
rdkit_place.sdf,BAOZEGOGVWZOIX-UHFFFAOYSA-N-2,True,True,True,True,True,True,True,True,True
rdkit_place.sdf,BAOZEGOGVWZOIX-UHFFFAOYSA-N-3,True,True,True,True,True,True,True,True,True
rdkit_place.sdf,BAOZEGOGVWZOIX-UHFFFAOYSA-N-4,True,True,True,True,True,True,True,True,True
rdkit_place.sdf,BAOZEGOGVWZOIX-UHFFFAOYSA-N-5,True,True,True,True,True,True,True,True,True
rdkit_place.sdf,BAOZEGOGVWZOIX-UHFFFAOYSA-N-6,True,True,True,True,True,True,True,True,True
rdkit_place.sdf,BAOZEGOGVWZOIX-UHFFFAOYSA-N-7,True,True,True,True,True,True,True,True,True
rdkit_place.sdf,BAOZEGOGVWZOIX-UHFFFAOYSA-N-8,True,True,True,True,True,True,True,True,True
rdkit_place.sdf,BAOZEGOGVWZOIX-UHFFFAOYSA-N-9,True,True,True,True,True,True,True,True,True
rdkit_place.sdf,RWYKVNCVGBRENI-UHFFFAOYSA-N-0,True,True,True,True,True,True,True,True,True
rdkit_place.sdf,RWYKVNCVGBRENI-UHFFFAOYSA-N-1,True,True,True,True,True,True,True,True,True
rdkit_place.sdf,RWYKVNCVGBRENI-UHFFFAOYSA-N-2,True,True,True,True,True,True,True,True,True
rdkit_place.sdf,RWYKVNCVGBRENI-UHFFFAOYSA-N-3,True,True,True,True,True,True,True,True,True
rdkit_place.sdf,RWYKVNCVGBRENI-UHFFFAOYSA-N-4,True,True,True,True,True,True,True,True,True
rdkit_place.sdf,RWYKVNCVGBRENI-UHFFFAOYSA-N-5,True,True,True,True,True,True,True,True,True
rdkit_place.sdf,RWYKVNCVGBRENI-UHFFFAOYSA-N-6,True,True,True,True,True,True,True,True,True
rdkit_place.sdf,RWYKVNCVGBRENI-UHFFFAOYSA-N-7,True,True,True,True,True,True,True,True,True
rdkit_place.sdf,RWYKVNCVGBRENI-UHFFFAOYSA-N-8,True,True,True,True,True,True,True,True,True
rdkit_place.sdf,RWYKVNCVGBRENI-UHFFFAOYSA-N-9,True,True,True,True,True,True,True,True,True
rdkit_place.sdf,ZFGIZJRJYCRRHS-UHFFFAOYSA-N-0,True,True,True,True,True,True,True,True,True
rdkit_place.sdf,ZFGIZJRJYCRRHS-UHFFFAOYSA-N-1,True,True,True,True,True,True,True,True,True
rdkit_place.sdf,ZFGIZJRJYCRRHS-UHFFFAOYSA-N-2,True,True,True,True,True,True,True,True,True
rdkit_place.sdf,ZFGIZJRJYCRRHS-UHFFFAOYSA-N-3,True,True,True,True,True,True,True,True,True
rdkit_place.sdf,ZFGIZJRJYCRRHS-UHFFFAOYSA-N-4,True,True,True,True,True,True,True,True,True
rdkit_place.sdf,ZFGIZJRJYCRRHS-UHFFFAOYSA-N-5,True,True,True,True,True,True,True,True,True
rdkit_place.sdf,ZFGIZJRJYCRRHS-UHFFFAOYSA-N-6,True,True,True,True,True,True,True,True,True
rdkit_place.sdf,ZFGIZJRJYCRRHS-UHFFFAOYSA-N-7,True,True,True,True,True,True,True,True,True
rdkit_place.sdf,ZFGIZJRJYCRRHS-UHFFFAOYSA-N-8,True,True,True,True,True,True,True,True,True
rdkit_place.sdf,ZFGIZJRJYCRRHS-UHFFFAOYSA-N-9,True,True,True,True,True,True,True,True,True
rdkit_place.sdf,CYSUOTMKUDBMFZ-UHFFFAOYSA-N-0,True,True,True,True,True,True,True,True,True
rdkit_place.sdf,CYSUOTMKUDBMFZ-UHFFFAOYSA-N-1,True,True,True,True,True,True,True,True,True
rdkit_place.sdf,CYSUOTMKUDBMFZ-UHFFFAOYSA-N-2,True,True,True,True,True,True,True,True,True
rdkit_place.sdf,CYSUOTMKUDBMFZ-UHFFFAOYSA-N-3,True,True,True,True,True,True,True,True,True
rdkit_place.sdf,CYSUOTMKUDBMFZ-UHFFFAOYSA-N-4,True,True,True,True,True,True,True,True,True
rdkit_place.sdf,CYSUOTMKUDBMFZ-UHFFFAOYSA-N-5,True,True,True,True,True,True,True,True,True
rdkit_place.sdf,CYSUOTMKUDBMFZ-UHFFFAOYSA-N-6,True,True,True,True,True,True,True,True,True
rdkit_place.sdf,CYSUOTMKUDBMFZ-UHFFFAOYSA-N-7,True,True,True,True,True,True,True,True,True
rdkit_place.sdf,CYSUOTMKUDBMFZ-UHFFFAOYSA-N-8,True,True,True,True,True,True,True,True,True
rdkit_place.sdf,CYSUOTMKUDBMFZ-UHFFFAOYSA-N-9,True,True,True,True,True,True,True,True,True
rdkit_place.sdf,LTURCBNOKGSFTI-UHFFFAOYSA-N-0,True,True,True,True,True,True,True,True,True
rdkit_place.sdf,LTURCBNOKGSFTI-UHFFFAOYSA-N-1,True,True,True,True,True,True,True,True,True
rdkit_place.sdf,LTURCBNOKGSFTI-UHFFFAOYSA-N-2,True,True,True,True,True,True,True,True,True
rdkit_place.sdf,LTURCBNOKGSFTI-UHFFFAOYSA-N-3,True,True,True,True,True,True,True,True,True
rdkit_place.sdf,LTURCBNOKGSFTI-UHFFFAOYSA-N-4,True,True,True,True,True,True,True,True,True
rdkit_place.sdf,LTURCBNOKGSFTI-UHFFFAOYSA-N-5,True,True,True,True,True,True,True,True,True
rdkit_place.sdf,LTURCBNOKGSFTI-UHFFFAOYSA-N-6,True,True,True,True,True,True,True,True,True
rdkit_place.sdf,LTURCBNOKGSFTI-UHFFFAOYSA-N-7,True,True,True,True,True,True,True,True,True
rdkit_place.sdf,LTURCBNOKGSFTI-UHFFFAOYSA-N-8,True,True,True,True,True,True,True,True,True
rdkit_place.sdf,LTURCBNOKGSFTI-UHFFFAOYSA-N-9,True,True,True,True,True,True,True,True,True
rdkit_place.sdf,WFKUTQSRODQJFO-UHFFFAOYSA-N-0,True,True,True,True,True,True,True,True,True
rdkit_place.sdf,WFKUTQSRODQJFO-UHFFFAOYSA-N-1,True,True,True,True,True,True,True,True,True
rdkit_place.sdf,WFKUTQSRODQJFO-UHFFFAOYSA-N-2,True,True,True,True,True,True,True,True,True
rdkit_place.sdf,WFKUTQSRODQJFO-UHFFFAOYSA-N-3,True,True,True,True,True,True,True,True,True
rdkit_place.sdf,WFKUTQSRODQJFO-UHFFFAOYSA-N-4,True,True,True,True,True,True,True,True,True
rdkit_place.sdf,WFKUTQSRODQJFO-UHFFFAOYSA-N-5,True,True,True,True,True,True,True,True,True
rdkit_place.sdf,WFKUTQSRODQJFO-UHFFFAOYSA-N-6,True,True,True,True,True,True,True,True,True
rdkit_place.sdf,WFKUTQSRODQJFO-UHFFFAOYSA-N-7,True,True,True,True,True,True,True,True,True
rdkit_place.sdf,WFKUTQSRODQJFO-UHFFFAOYSA-N-8,True,True,True,True,True,True,True,True,True
rdkit_place.sdf,WFKUTQSRODQJFO-UHFFFAOYSA-N-9,True,True,True,True,True,True,True,True,True
rdkit_place.sdf,MFVVKWWGPFFRCH-UHFFFAOYSA-N-0,True,True,True,True,True,True,True,True,True
rdkit_place.sdf,MFVVKWWGPFFRCH-UHFFFAOYSA-N-1,True,True,True,True,True,True,True,True,True
rdkit_place.sdf,MFVVKWWGPFFRCH-UHFFFAOYSA-N-2,True,True,True,True,True,True,True,True,True
rdkit_place.sdf,MFVVKWWGPFFRCH-UHFFFAOYSA-N-3,True,True,True,True,True,True,True,True,True
rdkit_place.sdf,MFVVKWWGPFFRCH-UHFFFAOYSA-N-4,True,True,True,True,True,True,True,True,True
rdkit_place.sdf,MFVVKWWGPFFRCH-UHFFFAOYSA-N-5,True,True,True,True,True,True,True,True,True
rdkit_place.sdf,MFVVKWWGPFFRCH-UHFFFAOYSA-N-6,True,True,True,True,True,True,True,True,True
rdkit_place.sdf,MFVVKWWGPFFRCH-UHFFFAOYSA-N-7,True,True,True,True,True,True,True,True,True
rdkit_place.sdf,MFVVKWWGPFFRCH-UHFFFAOYSA-N-8,True,True,True,True,True,True,True,True,True
rdkit_place.sdf,MFVVKWWGPFFRCH-UHFFFAOYSA-N-9,True,True,True,True,True,True,True,True,True
rdkit_place.sdf,HWHRLRWYYRBVIM-UHFFFAOYSA-N-0,True,True,True,True,True,True,True,True,True
rdkit_place.sdf,HWHRLRWYYRBVIM-UHFFFAOYSA-N-1,True,True,True,True,True,True,True,True,True
rdkit_place.sdf,HWHRLRWYYRBVIM-UHFFFAOYSA-N-2,True,True,True,True,True,True,True,True,True
rdkit_place.sdf,HWHRLRWYYRBVIM-UHFFFAOYSA-N-3,True,True,True,True,True,True,True,True,True
rdkit_place.sdf,HWHRLRWYYRBVIM-UHFFFAOYSA-N-4,True,True,True,True,True,True,True,True,True
rdkit_place.sdf,HWHRLRWYYRBVIM-UHFFFAOYSA-N-5,True,True,True,True,True,True,True,True,True
rdkit_place.sdf,HWHRLRWYYRBVIM-UHFFFAOYSA-N-6,True,True,True,True,True,True,True,True,True
rdkit_place.sdf,HWHRLRWYYRBVIM-UHFFFAOYSA-N-7,True,True,True,True,True,True,True,True,True
rdkit_place.sdf,HWHRLRWYYRBVIM-UHFFFAOYSA-N-8,True,True,True,True,True,True,True,True,True
rdkit_place.sdf,HWHRLRWYYRBVIM-UHFFFAOYSA-N-9,True,True,True,True,True,True,True,True,True
rdkit_place.sdf,ALCJNIPCFITZHL-UHFFFAOYSA-N-0,True,True,True,True,True,True,True,True,True
rdkit_place.sdf,ALCJNIPCFITZHL-UHFFFAOYSA-N-1,True,True,True,True,True,True,True,True,True
rdkit_place.sdf,ALCJNIPCFITZHL-UHFFFAOYSA-N-2,True,True,True,True,True,True,True,True,True
rdkit_place.sdf,ALCJNIPCFITZHL-UHFFFAOYSA-N-3,True,True,True,True,True,True,True,True,True
rdkit_place.sdf,ALCJNIPCFITZHL-UHFFFAOYSA-N-4,True,True,True,True,True,True,True,True,True
rdkit_place.sdf,ALCJNIPCFITZHL-UHFFFAOYSA-N-5,True,True,True,True,True,True,True,True,True
rdkit_place.sdf,ALCJNIPCFITZHL-UHFFFAOYSA-N-6,True,True,True,True,True,True,True,True,True
rdkit_place.sdf,ALCJNIPCFITZHL-UHFFFAOYSA-N-7,True,True,True,True,True,True,True,True,True
rdkit_place.sdf,ALCJNIPCFITZHL-UHFFFAOYSA-N-8,True,True,True,True,True,True,True,True,True
rdkit_place.sdf,ALCJNIPCFITZHL-UHFFFAOYSA-N-9,True,True,True,True,True,True,True,True,True
rdkit_place.sdf,VQRSSBXPBMCVSS-UHFFFAOYSA-N-0,True,True,True,True,True,True,True,True,True
rdkit_place.sdf,VQRSSBXPBMCVSS-UHFFFAOYSA-N-1,True,True,True,True,True,True,True,True,True
rdkit_place.sdf,VQRSSBXPBMCVSS-UHFFFAOYSA-N-2,True,True,True,True,True,True,True,True,True
rdkit_place.sdf,VQRSSBXPBMCVSS-UHFFFAOYSA-N-3,True,True,True,True,True,True,True,True,True
rdkit_place.sdf,VQRSSBXPBMCVSS-UHFFFAOYSA-N-4,True,True,True,True,True,True,True,True,True
rdkit_place.sdf,VQRSSBXPBMCVSS-UHFFFAOYSA-N-5,True,True,True,True,True,True,True,True,True
rdkit_place.sdf,VQRSSBXPBMCVSS-UHFFFAOYSA-N-6,True,True,True,True,True,True,True,True,True
rdkit_place.sdf,VQRSSBXPBMCVSS-UHFFFAOYSA-N-7,True,True,True,True,True,True,True,True,True
rdkit_place.sdf,VQRSSBXPBMCVSS-UHFFFAOYSA-N-8,True,True,True,True,True,True,True,True,True
rdkit_place.sdf,VQRSSBXPBMCVSS-UHFFFAOYSA-N-9,True,True,True,True,True,True,True,True,True
rdkit_place.sdf,PQHLNDLJASDWNV-UHFFFAOYSA-N-0,True,True,True,True,True,True,True,True,True
rdkit_place.sdf,PQHLNDLJASDWNV-UHFFFAOYSA-N-1,True,True,True,True,True,True,True,True,True
rdkit_place.sdf,PQHLNDLJASDWNV-UHFFFAOYSA-N-2,True,True,True,True,True,True,True,True,True
rdkit_place.sdf,PQHLNDLJASDWNV-UHFFFAOYSA-N-3,True,True,True,True,True,True,True,True,True
rdkit_place.sdf,PQHLNDLJASDWNV-UHFFFAOYSA-N-4,True,True,True,True,True,True,True,True,True
rdkit_place.sdf,PQHLNDLJASDWNV-UHFFFAOYSA-N-5,True,True,True,True,True,True,True,True,True
rdkit_place.sdf,PQHLNDLJASDWNV-UHFFFAOYSA-N-6,True,True,True,True,True,True,True,True,True
rdkit_place.sdf,PQHLNDLJASDWNV-UHFFFAOYSA-N-7,True,True,True,True,True,True,True,True,True
rdkit_place.sdf,PQHLNDLJASDWNV-UHFFFAOYSA-N-8,True,True,True,True,True,False,False,True,True
rdkit_place.sdf,PQHLNDLJASDWNV-UHFFFAOYSA-N-9,True,True,True,True,True,False,False,True,True
rdkit_place.sdf,CGGHTLUHFDFCAS-UHFFFAOYSA-N-0,True,True,True,True,True,False,True,True,True
rdkit_place.sdf,CGGHTLUHFDFCAS-UHFFFAOYSA-N-1,True,True,True,True,True,False,True,True,True
rdkit_place.sdf,CGGHTLUHFDFCAS-UHFFFAOYSA-N-2,True,True,True,True,True,False,True,True,True
rdkit_place.sdf,CGGHTLUHFDFCAS-UHFFFAOYSA-N-3,True,True,True,True,True,False,True,True,True
rdkit_place.sdf,CGGHTLUHFDFCAS-UHFFFAOYSA-N-4,True,True,True,True,True,True,True,True,True
rdkit_place.sdf,CGGHTLUHFDFCAS-UHFFFAOYSA-N-5,True,True,True,True,True,True,True,True,True
rdkit_place.sdf,CGGHTLUHFDFCAS-UHFFFAOYSA-N-6,True,True,True,True,True,True,True,True,True
rdkit_place.sdf,CGGHTLUHFDFCAS-UHFFFAOYSA-N-7,True,True,True,True,True,True,True,True,True
rdkit_place.sdf,CGGHTLUHFDFCAS-UHFFFAOYSA-N-8,True,True,True,True,True,True,True,True,True
rdkit_place.sdf,CGGHTLUHFDFCAS-UHFFFAOYSA-N-9,True,True,True,True,True,True,True,True,True
rdkit_place.sdf,SRDGULMUCFCNKM-UHFFFAOYSA-N-0,True,True,True,True,True,False,False,True,True
rdkit_place.sdf,SRDGULMUCFCNKM-UHFFFAOYSA-N-1,True,True,True,True,True,False,False,True,True
rdkit_place.sdf,SRDGULMUCFCNKM-UHFFFAOYSA-N-2,True,True,True,True,True,False,False,True,True
rdkit_place.sdf,SRDGULMUCFCNKM-UHFFFAOYSA-N-3,True,True,True,True,True,False,False,True,True
rdkit_place.sdf,SRDGULMUCFCNKM-UHFFFAOYSA-N-4,True,True,True,True,True,False,False,True,True
rdkit_place.sdf,SRDGULMUCFCNKM-UHFFFAOYSA-N-5,True,True,True,True,True,True,True,True,True
rdkit_place.sdf,SRDGULMUCFCNKM-UHFFFAOYSA-N-6,True,True,True,True,True,True,True,True,True
rdkit_place.sdf,SRDGULMUCFCNKM-UHFFFAOYSA-N-7,True,True,True,True,True,True,True,True,True
rdkit_place.sdf,SRDGULMUCFCNKM-UHFFFAOYSA-N-8,True,True,True,True,True,True,True,True,True
rdkit_place.sdf,SRDGULMUCFCNKM-UHFFFAOYSA-N-9,True,True,True,True,True,True,True,True,True
rdkit_place.sdf,JOQRKFCIIQYZLX-UHFFFAOYSA-N-0,True,True,True,True,True,True,True,True,True
rdkit_place.sdf,JOQRKFCIIQYZLX-UHFFFAOYSA-N-1,True,True,True,True,True,True,True,True,True
rdkit_place.sdf,JOQRKFCIIQYZLX-UHFFFAOYSA-N-2,True,True,True,True,True,True,True,True,True
rdkit_place.sdf,JOQRKFCIIQYZLX-UHFFFAOYSA-N-3,True,True,True,True,True,True,True,True,True
rdkit_place.sdf,JOQRKFCIIQYZLX-UHFFFAOYSA-N-4,True,True,True,True,True,True,True,True,True
rdkit_place.sdf,JOQRKFCIIQYZLX-UHFFFAOYSA-N-5,True,True,True,True,True,True,True,True,True
rdkit_place.sdf,JOQRKFCIIQYZLX-UHFFFAOYSA-N-6,True,True,True,True,True,True,True,True,True
rdkit_place.sdf,JOQRKFCIIQYZLX-UHFFFAOYSA-N-7,True,True,True,True,True,True,True,True,True
rdkit_place.sdf,JOQRKFCIIQYZLX-UHFFFAOYSA-N-8,True,True,True,True,True,True,True,True,True
rdkit_place.sdf,JOQRKFCIIQYZLX-UHFFFAOYSA-N-9,True,True,True,True,True,True,True,True,True
rdkit_place.sdf,LISNPGIFHAQIEO-UHFFFAOYSA-N-0,True,True,True,True,True,True,True,True,True
rdkit_place.sdf,LISNPGIFHAQIEO-UHFFFAOYSA-N-1,True,True,True,True,True,True,True,True,True
rdkit_place.sdf,LISNPGIFHAQIEO-UHFFFAOYSA-N-2,True,True,True,True,True,True,True,True,True
rdkit_place.sdf,LISNPGIFHAQIEO-UHFFFAOYSA-N-3,True,True,True,True,True,True,True,True,True
rdkit_place.sdf,LISNPGIFHAQIEO-UHFFFAOYSA-N-4,True,True,True,True,True,True,True,True,True
rdkit_place.sdf,LISNPGIFHAQIEO-UHFFFAOYSA-N-5,True,True,True,True,True,True,True,True,True
rdkit_place.sdf,LISNPGIFHAQIEO-UHFFFAOYSA-N-6,True,True,True,True,True,True,True,True,True
rdkit_place.sdf,LISNPGIFHAQIEO-UHFFFAOYSA-N-7,True,True,True,True,True,True,True,True,True
rdkit_place.sdf,LISNPGIFHAQIEO-UHFFFAOYSA-N-8,True,True,True,True,True,True,True,True,True
rdkit_place.sdf,LISNPGIFHAQIEO-UHFFFAOYSA-N-9,True,True,True,True,True,True,True,True,True
rdkit_place.sdf,HZNFTESFLXXWPL-UHFFFAOYSA-N-0,True,True,True,True,True,True,True,True,True
rdkit_place.sdf,HZNFTESFLXXWPL-UHFFFAOYSA-N-1,True,True,True,True,True,True,True,True,True
rdkit_place.sdf,HZNFTESFLXXWPL-UHFFFAOYSA-N-2,True,True,True,True,True,True,True,True,True
rdkit_place.sdf,HZNFTESFLXXWPL-UHFFFAOYSA-N-3,True,True,True,True,True,True,True,True,True
rdkit_place.sdf,HZNFTESFLXXWPL-UHFFFAOYSA-N-4,True,True,True,True,True,True,True,True,True
rdkit_place.sdf,HZNFTESFLXXWPL-UHFFFAOYSA-N-5,True,True,True,True,True,True,True,True,True
rdkit_place.sdf,HZNFTESFLXXWPL-UHFFFAOYSA-N-6,True,True,True,True,True,True,True,True,True
rdkit_place.sdf,HZNFTESFLXXWPL-UHFFFAOYSA-N-7,True,True,True,True,True,True,True,True,True
rdkit_place.sdf,HZNFTESFLXXWPL-UHFFFAOYSA-N-8,True,True,True,True,True,True,True,True,True
rdkit_place.sdf,HZNFTESFLXXWPL-UHFFFAOYSA-N-9,True,True,True,True,True,True,True,True,True
rdkit_place.sdf,GCAQUNSOGCAEFO-UHFFFAOYSA-N-0,True,True,True,True,True,True,True,True,True
rdkit_place.sdf,GCAQUNSOGCAEFO-UHFFFAOYSA-N-1,True,True,True,True,True,True,True,True,True
rdkit_place.sdf,GCAQUNSOGCAEFO-UHFFFAOYSA-N-2,True,True,True,True,True,True,True,True,True
rdkit_place.sdf,GCAQUNSOGCAEFO-UHFFFAOYSA-N-3,True,True,True,True,True,True,True,True,True
rdkit_place.sdf,GCAQUNSOGCAEFO-UHFFFAOYSA-N-4,True,True,True,True,True,True,True,True,True
rdkit_place.sdf,GCAQUNSOGCAEFO-UHFFFAOYSA-N-5,True,True,True,True,True,True,True,True,True
rdkit_place.sdf,GCAQUNSOGCAEFO-UHFFFAOYSA-N-6,True,True,True,True,True,True,True,True,True
rdkit_place.sdf,GCAQUNSOGCAEFO-UHFFFAOYSA-N-7,True,True,True,True,True,True,True,True,True
rdkit_place.sdf,GCAQUNSOGCAEFO-UHFFFAOYSA-N-8,True,True,True,True,True,True,True,True,True
rdkit_place.sdf,GCAQUNSOGCAEFO-UHFFFAOYSA-N-9,True,True,True,True,True,True,True,True,True
rdkit_place.sdf,VXLLSVROUGTXAB-UHFFFAOYSA-N-0,True,True,True,True,True,True,True,True,True
rdkit_place.sdf,VXLLSVROUGTXAB-UHFFFAOYSA-N-1,True,True,True,True,True,True,True,True,True
rdkit_place.sdf,VXLLSVROUGTXAB-UHFFFAOYSA-N-2,True,True,True,True,True,True,True,True,True
rdkit_place.sdf,VXLLSVROUGTXAB-UHFFFAOYSA-N-3,True,True,True,True,True,True,True,True,True
rdkit_place.sdf,VXLLSVROUGTXAB-UHFFFAOYSA-N-4,True,True,True,True,True,True,True,True,True
rdkit_place.sdf,VXLLSVROUGTXAB-UHFFFAOYSA-N-5,True,True,True,True,True,True,True,True,True
rdkit_place.sdf,VXLLSVROUGTXAB-UHFFFAOYSA-N-6,True,True,True,True,True,True,True,True,True
rdkit_place.sdf,VXLLSVROUGTXAB-UHFFFAOYSA-N-7,True,True,True,True,True,True,True,True,True
rdkit_place.sdf,VXLLSVROUGTXAB-UHFFFAOYSA-N-8,True,True,True,True,True,True,True,True,True
rdkit_place.sdf,VXLLSVROUGTXAB-UHFFFAOYSA-N-9,True,True,True,True,True,True,True,True,True
rdkit_place.sdf,YIPNWJATCFTMPP-UHFFFAOYSA-N-0,True,True,True,True,True,True,True,True,True
rdkit_place.sdf,YIPNWJATCFTMPP-UHFFFAOYSA-N-1,True,True,True,True,True,True,True,True,True
rdkit_place.sdf,YIPNWJATCFTMPP-UHFFFAOYSA-N-2,True,True,True,True,True,True,True,True,True
rdkit_place.sdf,YIPNWJATCFTMPP-UHFFFAOYSA-N-3,True,True,True,True,True,True,True,True,True
rdkit_place.sdf,YIPNWJATCFTMPP-UHFFFAOYSA-N-4,True,True,True,True,True,True,True,True,True
rdkit_place.sdf,YIPNWJATCFTMPP-UHFFFAOYSA-N-5,True,True,True,True,True,True,True,True,True
rdkit_place.sdf,YIPNWJATCFTMPP-UHFFFAOYSA-N-6,True,True,True,True,True,True,True,True,True
rdkit_place.sdf,YIPNWJATCFTMPP-UHFFFAOYSA-N-7,True,True,True,True,True,True,True,True,True
rdkit_place.sdf,YIPNWJATCFTMPP-UHFFFAOYSA-N-8,True,True,True,True,True,True,True,True,True
rdkit_place.sdf,YIPNWJATCFTMPP-UHFFFAOYSA-N-9,True,True,True,True,True,True,True,True,True
